{
  "project_info": {
    "project_number": "776296321648",
    "firebase_url": "https://whatsapp-3db0d.firebaseio.com",
    "project_id": "whatsapp-3db0d",
    "storage_bucket": "whatsapp-3db0d.appspot.com"
  },
  "client": [
    {
      "client_info": {
        "mobilesdk_app_id": "1:776296321648:android:425b55971403944d0f9ab5",
        "android_client_info": {
          "package_name": "com.example.whatsapp"
        }
      },
      "oauth_client": [
        {
          "client_id": "776296321648-m9gf45h5faftqdst2h1n6b8h2iuvuv2b.apps.googleusercontent.com",
          "client_type": 1,
          "android_info": {
            "package_name": "com.example.whatsapp",
            "certificate_hash": "91db1f0258185c39de8cdab1d0630de17d63fc52"
          }
        },
        {
          "client_id": "776296321648-mmjp99loggadbmlbluunpprimu5onu6v.apps.googleusercontent.com",
          "client_type": 3
        }
      ],
      "api_key": [
        {
          "current_key": "AIzaSyBPGy4C9aq2QOLCGL7JYRWRV7Nmc3x-otA"
        }
      ],
      "services": {
        "appinvite_service": {
          "other_platform_oauth_client": [
            {
              "client_id": "776296321648-mmjp99loggadbmlbluunpprimu5onu6v.apps.googleusercontent.com",
              "client_type": 3
            }
          ]
        }
      }
    }
  ],
  "configuration_version": "1"
}